,Id,CreationDate,OwnerUserId,Tag
0,27727385,2015-01-01T00:00:58.253,3210431,php
1,27727388,2015-01-01T00:01:43.673,868779,apache-pig
2,27727391,2015-01-01T00:02:32.123,4372672,ios
3,27727393,2015-01-01T00:02:57.983,2482149,sql-server
4,27727394,2015-01-01T00:03:31.337,4263870,php
5,27727396,2015-01-01T00:04:01.407,4409381,android
6,27727406,2015-01-01T00:05:03.773,875317,c#
7,27727407,2015-01-01T00:05:27.167,821742,java
8,27727408,2015-01-01T00:05:34.733,2595033,c#
9,27727409,2015-01-01T00:06:17.720,1815395,apache
10,27727410,2015-01-01T00:06:41.067,541091,mysql
11,27727414,2015-01-01T00:07:28.747,1210038,javascript
12,27727418,2015-01-01T00:07:39.243,3674356,php
13,27727419,2015-01-01T00:07:46.460,347062,html
14,27727424,2015-01-01T00:09:28.247,1254618,collada
15,27727427,2015-01-01T00:10:05.340,3412951,ruby-on-rails
16,27727429,2015-01-01T00:10:29.963,1743377,javascript
17,27727433,2015-01-01T00:11:43.463,169992,c
18,27727434,2015-01-01T00:12:02.597,4056620,ios
19,27727439,2015-01-01T00:12:55.513,2993567,java
20,27727442,2015-01-01T00:13:04.980,3085148,powershell
21,27727444,2015-01-01T00:13:32.583,2457761,java
22,27727446,2015-01-01T00:13:50.463,4371259,node.js
23,27727455,2015-01-01T00:15:40.250,3802790,ios
24,27727459,2015-01-01T00:17:11.113,2227834,c
25,27727464,2015-01-01T00:18:50.297,4397115,javascript
26,27727468,2015-01-01T00:22:16.780,3494499,ios
27,27727477,2015-01-01T00:23:14.747,3286192,android
28,27727481,2015-01-01T00:23:50.863,2999675,c++
29,27727484,2015-01-01T00:24:28.103,4289580,php
30,27727486,2015-01-01T00:25:07.760,2178438,python
31,27727488,2015-01-01T00:25:29.663,4081272,jquery
32,27727489,2015-01-01T00:25:39.103,4409396,javascript
33,27727491,2015-01-01T00:26:42.070,588504,excel
34,27727493,2015-01-01T00:27:01.003,333614,html
35,27727495,2015-01-01T00:27:54.453,3864563,javascript
36,27727498,2015-01-01T00:28:49.070,4040099,javascript
37,27727503,2015-01-01T00:30:43.730,4409397,swift
38,27727509,2015-01-01T00:32:22.493,3674884,batch-file
39,27727513,2015-01-01T00:32:34.090,4409383,arrays
40,27727514,2015-01-01T00:33:17.530,3950870,ios
41,27727516,2015-01-01T00:33:50.767,4293104,ios
42,27727520,2015-01-01T00:34:15.840,4409403,c#
43,27727522,2015-01-01T00:34:41.610,139644,java
44,27727528,2015-01-01T00:36:50.953,97901,ios
45,27727530,2015-01-01T00:37:18.667,988445,delphi
46,27727532,2015-01-01T00:37:47.247,3185748,ios
47,27727533,2015-01-01T00:38:05.640,3732350,c++
48,27727535,2015-01-01T00:39:37.330,4409404,objective-c
49,27727536,2015-01-01T00:39:39.270,1839812,sql
50,27727546,2015-01-01T00:41:42.210,2670571,java
51,27727550,2015-01-01T00:42:04.143,1461017,linux
52,27727553,2015-01-01T00:42:56.007,237908,optimization
53,27727554,2015-01-01T00:42:59.017,3052463,ollydbg
54,27727556,2015-01-01T00:43:17.607,4228942,error-handling
55,27727560,2015-01-01T00:44:15.033,3448171,javascript
56,27727564,2015-01-01T00:46:09.127,4409419,vb.net
57,27727571,2015-01-01T00:47:53.317,2397634,r
58,27727572,2015-01-01T00:47:56.023,1150599,lua
59,27727575,2015-01-01T00:49:12.937,409976,haskell
60,27727580,2015-01-01T00:49:43.393,3658885,php
61,27727583,2015-01-01T00:50:25.660,4409366,javascript
62,27727584,2015-01-01T00:50:55.510,3640905,r
63,27727585,2015-01-01T00:50:56.650,91970,ruby-on-rails
64,27727586,2015-01-01T00:51:32.157,4364427,python
65,27727589,2015-01-01T00:51:50.570,3862630,c++
66,27727590,2015-01-01T00:52:04.690,2698189,r
67,27727603,2015-01-01T00:56:27.940,2690556,post
68,27727605,2015-01-01T00:57:31.183,4409424,ios
69,27727606,2015-01-01T00:58:52.467,4409422,twig
70,27727612,2015-01-01T01:00:37.790,4333347,bash
71,27727613,2015-01-01T01:00:57.427,4409413,ios
72,27727614,2015-01-01T01:01:25.260,1631541,svn
73,27727617,2015-01-01T01:02:50.827,3584871,mysql
74,27727620,2015-01-01T01:03:24.043,4407047,javascript
75,27727621,2015-01-01T01:03:44.380,3626160,osx
76,27727622,2015-01-01T01:03:46.777,1231365,ruby-on-rails
77,27727624,2015-01-01T01:04:29.420,3124361,textures
78,27727627,2015-01-01T01:05:20.270,663551,android
79,27727628,2015-01-01T01:05:34.297,2356048,c#
80,27727629,2015-01-01T01:05:56.873,1370106,symfony2
81,27727631,2015-01-01T01:07:16.037,4270716,css
82,27727635,2015-01-01T01:08:12.467,4409425,excel
83,27727637,2015-01-01T01:08:35.817,1426649,c++
84,27727641,2015-01-01T01:09:56.453,1461017,linux
85,27727642,2015-01-01T01:10:02.997,4148175,spring
86,27727643,2015-01-01T01:10:40.780,553739,ssl
87,27727654,2015-01-01T01:13:37.727,1091524,android
88,27727655,2015-01-01T01:13:42.847,4409426,javascript
89,27727656,2015-01-01T01:13:45.443,4409431,php
90,27727657,2015-01-01T01:14:19.803,4409432,python
91,27727664,2015-01-01T01:16:57.333,3420062,html
92,27727666,2015-01-01T01:17:06.373,896317,python
93,27727668,2015-01-01T01:17:18.197,1906526,html
94,27727670,2015-01-01T01:17:36.237,1804667,android
95,27727671,2015-01-01T01:17:58.960,619510,highcharts
96,27727672,2015-01-01T01:18:00.443,3935165,postgresql
97,27727673,2015-01-01T01:18:20.957,1998220,mysql
98,27727675,2015-01-01T01:18:49.820,2988919,ios
99,27727676,2015-01-01T01:18:50.010,2752238,java
100,27727679,2015-01-01T01:19:47.600,4204143,android
101,27727680,2015-01-01T01:20:19.697,1335411,mysql
102,27727682,2015-01-01T01:20:36.357,4063616,c#
103,27727684,2015-01-01T01:20:44.700,1118197,reactiveui
104,27727688,2015-01-01T01:21:43.283,4178637,jquery
105,27727690,2015-01-01T01:23:34.997,3761409,java
106,27727691,2015-01-01T01:23:41.390,4134309,sql
107,27727693,2015-01-01T01:24:28.093,4187962,java
108,27727698,2015-01-01T01:25:52.277,114558,github
109,27727699,2015-01-01T01:25:58.843,3554833,javascript
110,27727705,2015-01-01T01:28:25.540,388580,ios
111,27727707,2015-01-01T01:28:57.310,4290376,java
112,27727710,2015-01-01T01:29:57.787,3835673,objective-c
113,27727712,2015-01-01T01:30:19.597,4409439,python
114,27727714,2015-01-01T01:30:53.973,4409437,spring
115,27727716,2015-01-01T01:31:24.587,3424096,linux
116,27727719,2015-01-01T01:32:29.640,4409448,python
117,27727722,2015-01-01T01:33:12.693,4404174,android
118,27727723,2015-01-01T01:33:14.283,2950214,vim
119,27727725,2015-01-01T01:34:16.347,1664315,osx
120,27727726,2015-01-01T01:34:24.137,1217820,android
121,27727733,2015-01-01T01:35:50.813,1009476,c++
122,27727739,2015-01-01T01:36:38.390,357882,android
123,27727744,2015-01-01T01:39:01.020,939299,php
124,27727747,2015-01-01T01:39:19.630,1461021,css3
125,27727748,2015-01-01T01:39:46.403,1940394,javascript
126,27727749,2015-01-01T01:39:56.400,4407054,javascript
127,27727751,2015-01-01T01:40:14.003,1230945,c#
128,27727760,2015-01-01T01:43:44.743,4406997,python-2.7
129,27727762,2015-01-01T01:44:41.147,290443,python
130,27727763,2015-01-01T01:44:58.980,3854896,css
131,27727765,2015-01-01T01:45:45.447,4402209,php
132,27727766,2015-01-01T01:45:53.020,4408999,php
133,27727771,2015-01-01T01:47:20.983,558546,c++
134,27727774,2015-01-01T01:47:30.950,4230525,android
135,27727775,2015-01-01T01:48:15.697,2045598,node.js
136,27727779,2015-01-01T01:49:11.620,1040634,php
137,27727781,2015-01-01T01:49:44.350,4259181,javascript
138,27727785,2015-01-01T01:50:18.027,4221270,ruby-on-rails
139,27727786,2015-01-01T01:50:31.177,2612259,ruby-on-rails
140,27727790,2015-01-01T01:53:24.217,3343730,r
141,27727793,2015-01-01T01:54:14.357,1950164,mysql
142,27727794,2015-01-01T01:54:29.447,4234785,java
143,27727799,2015-01-01T01:54:41.350,2770572,css
144,27727800,2015-01-01T01:55:13.973,4398625,java
145,27727803,2015-01-01T01:55:58.873,505999,javascript
146,27727804,2015-01-01T01:56:08.143,735239,html
147,27727811,2015-01-01T01:57:21.020,3678023,java
148,27727816,2015-01-01T02:02:00.657,4334212,c++
149,27727820,2015-01-01T02:02:51.320,3626483,java
150,27727821,2015-01-01T02:03:04.490,user1205371,javascript
151,27727822,2015-01-01T02:03:11.677,3187389,javascript
152,27727826,2015-01-01T02:05:03.217,1140449,linux
153,27727833,2015-01-01T02:08:27.297,1265749,r
154,27727837,2015-01-01T02:09:11.513,1993206,interpreted-language
155,27727842,2015-01-01T02:10:50.907,2757620,alloy
156,27727844,2015-01-01T02:11:54.103,461887,adobe-brackets
157,27727845,2015-01-01T02:11:56.927,1337854,xml
158,27727852,2015-01-01T02:13:22.883,4307775,python
159,27727853,2015-01-01T02:13:24.483,3417872,c
160,27727855,2015-01-01T02:14:03.887,3692313,javascript
161,27727857,2015-01-01T02:14:21.687,1906492,codenameone
162,27727862,2015-01-01T02:17:41.240,3459970,php
163,27727863,2015-01-01T02:18:22.117,3133542,java
164,27727864,2015-01-01T02:18:49.773,4409466,php
165,27727866,2015-01-01T02:19:22.993,4313655,java
166,27727875,2015-01-01T02:22:06.463,2272445,stripe-payments
167,27727881,2015-01-01T02:23:53.730,4408670,vb.net
168,27727882,2015-01-01T02:24:08.147,user4333143,javascript
169,27727888,2015-01-01T02:27:04.660,1574486,javascript
170,27727893,2015-01-01T02:28:20.900,4369558,java
171,27727901,2015-01-01T02:29:40.953,1734954,laravel
172,27727904,2015-01-01T02:30:22.577,1181797,r
173,27727908,2015-01-01T02:31:19.543,1068700,javascript
174,27727909,2015-01-01T02:31:21.193,317027,javascript
175,27727912,2015-01-01T02:33:30.457,306283,java
176,27727913,2015-01-01T02:33:31.113,1734954,laravel
177,27727914,2015-01-01T02:33:34.767,4220549,html
178,27727919,2015-01-01T02:35:07.027,193980,python
179,27727920,2015-01-01T02:35:22.833,3138025,regexp-replace
180,27727922,2015-01-01T02:35:43.890,1136700,graphics
181,27727924,2015-01-01T02:36:23.010,4343123,java
182,27727926,2015-01-01T02:37:42.840,4392566,python
183,27727933,2015-01-01T02:39:55.603,2734550,javascript
184,27727935,2015-01-01T02:40:11.593,3543329,email
185,27727936,2015-01-01T02:40:40.620,1907382,python
186,27727944,2015-01-01T02:43:44.417,1104028,java
187,27727949,2015-01-01T02:46:11.837,4405954,c
188,27727952,2015-01-01T02:46:42.717,3272925,cassandra
189,27727953,2015-01-01T02:46:46.677,2469520,php
190,27727959,2015-01-01T02:48:03.847,2253536,javascript
191,27727960,2015-01-01T02:48:07.197,3655192,java
192,27727972,2015-01-01T02:51:20.783,1564584,ios
193,27727980,2015-01-01T02:53:11.273,2198297,haskell
194,27727981,2015-01-01T02:53:22.270,4409476,android
195,27727982,2015-01-01T02:53:52.263,4405875,java
196,27727988,2015-01-01T02:56:21.550,522663,asp.net-mvc
197,27727989,2015-01-01T02:57:06.720,4392705,ios
198,27727993,2015-01-01T02:57:54.200,3893273,javascript
199,27727997,2015-01-01T02:59:45.723,user4392178,html
200,27727998,2015-01-01T02:59:48.580,784437,objective-c
201,27728001,2015-01-01T03:00:18.390,2396031,nlp
202,27728010,2015-01-01T03:02:42.443,4313512,java
203,27728014,2015-01-01T03:03:38.793,2078412,javascript
204,27728021,2015-01-01T03:05:09.847,1160201,python
205,27728023,2015-01-01T03:06:21.017,4358310,unity3d
206,27728028,2015-01-01T03:06:59.227,3958148,ruby-on-rails
207,27728030,2015-01-01T03:07:14.170,4385138,sql-server
208,27728035,2015-01-01T03:08:31.687,1837485,java
209,27728036,2015-01-01T03:08:53.150,4409490,asp.net
210,27728042,2015-01-01T03:11:22.820,3966256,openshift
211,27728043,2015-01-01T03:11:33.217,436558,mysql
212,27728044,2015-01-01T03:12:18.640,2426586,security
213,27728047,2015-01-01T03:13:31.547,1383538,mysql
214,27728050,2015-01-01T03:15:14.447,205608,javascript
215,27728052,2015-01-01T03:15:56.667,4405786,c
216,27728053,2015-01-01T03:16:03.913,2223579,java
217,27728058,2015-01-01T03:19:30.073,4409482,java
218,27728059,2015-01-01T03:20:01.843,1391055,collision-detection
219,27728064,2015-01-01T03:21:50.197,4407040,javascript
220,27728065,2015-01-01T03:22:11.610,3081134,java
221,27728072,2015-01-01T03:25:22.120,2158465,ios
222,27728073,2015-01-01T03:25:28.253,4402209,php
223,27728074,2015-01-01T03:25:45.133,4269367,javascript
224,27728075,2015-01-01T03:25:46.997,4409261,java
225,27728083,2015-01-01T03:28:10.727,1371075,swift
226,27728087,2015-01-01T03:29:46.407,2556712,c#
227,27728094,2015-01-01T03:32:39.860,3796300,html
228,27728100,2015-01-01T03:33:51.743,3280050,c#
229,27728102,2015-01-01T03:34:01.747,4392249,button
230,27728110,2015-01-01T03:36:01.030,1815759,64bit
231,27728111,2015-01-01T03:36:02.223,2023432,r
232,27728113,2015-01-01T03:36:33.310,4326052,android
233,27728115,2015-01-01T03:38:41.723,2767207,ios
234,27728117,2015-01-01T03:39:34.477,3002544,ruby-on-rails
235,27728120,2015-01-01T03:40:22.407,703114,reactive-programming
236,27728124,2015-01-01T03:41:14.750,2879704,elisp
237,27728127,2015-01-01T03:41:46.127,4409521,prolog
238,27728130,2015-01-01T03:42:22.090,1325637,java
239,27728132,2015-01-01T03:42:47.200,3187389,javascript
240,27728133,2015-01-01T03:43:03.320,1368008,clojure
241,27728134,2015-01-01T03:43:21.323,1532768,html
242,27728136,2015-01-01T03:43:49.283,4409508,magento
243,27728137,2015-01-01T03:44:54.287,4397072,java
244,27728139,2015-01-01T03:45:33.780,4244515,delphi
245,27728142,2015-01-01T03:47:11.563,826203,c++11
246,27728143,2015-01-01T03:47:43.333,4409517,c
247,27728146,2015-01-01T03:48:51.723,2644113,go
248,27728150,2015-01-01T03:50:10.690,4408092,python-2.7
249,27728151,2015-01-01T03:50:16.650,1267965,javascript
250,27728157,2015-01-01T03:52:43.917,417501,unicode
251,27728160,2015-01-01T03:53:59.410,4339538,swift
252,27728161,2015-01-01T03:54:07.250,4409516,c#
253,27728163,2015-01-01T03:54:53.373,3591953,rest
254,27728167,2015-01-01T03:56:50.483,1571023,javascript
255,27728168,2015-01-01T03:56:54.330,4280552,batch-file
256,27728171,2015-01-01T03:57:31.340,2146894,python
257,27728172,2015-01-01T03:58:00.600,562972,mysql
258,27728175,2015-01-01T03:58:17.777,4409531,php
259,27728179,2015-01-01T03:59:04.047,764547,linux
260,27728187,2015-01-01T04:02:22.030,4356657,ubuntu
261,27728188,2015-01-01T04:02:25.770,274561,erlang
262,27728190,2015-01-01T04:03:00.153,1181535,jquery
263,27728197,2015-01-01T04:05:19.733,4404808,php
264,27728199,2015-01-01T04:06:11.657,2418793,android
265,27728209,2015-01-01T04:09:20.097,4356062,html
266,27728213,2015-01-01T04:12:12.433,4367201,wordpress
267,27728214,2015-01-01T04:12:16.520,2930358,javascript
268,27728216,2015-01-01T04:13:52.673,767033,ruby-on-rails
269,27728219,2015-01-01T04:15:11.430,4409546,javascript
270,27728221,2015-01-01T04:15:31.053,3659093,codeigniter-2
271,27728223,2015-01-01T04:16:44.283,798536,java
272,27728225,2015-01-01T04:17:50.727,2648807,sql
273,27728231,2015-01-01T04:19:39.563,3259537,c#
274,27728245,2015-01-01T04:23:11.693,1022260,python
275,27728248,2015-01-01T04:23:44.920,1560617,javascript
276,27728255,2015-01-01T04:26:23.437,409976,haskell
277,27728258,2015-01-01T04:27:12.133,4409562,java
278,27728260,2015-01-01T04:27:14.623,206857,html
279,27728270,2015-01-01T04:29:38.087,4268545,javascript
280,27728272,2015-01-01T04:30:23.477,4409545,input
281,27728273,2015-01-01T04:30:40.707,4175125,linq
282,27728279,2015-01-01T04:31:29.267,4213492,php
283,27728283,2015-01-01T04:33:02.193,1584140,php
284,27728284,2015-01-01T04:33:04.053,532090,ruby-on-rails
285,27728286,2015-01-01T04:33:12.527,4037042,php
286,27728292,2015-01-01T04:35:15.330,4368518,spring
287,27728293,2015-01-01T04:35:17.950,826203,c++
288,27728294,2015-01-01T04:36:19.257,2551232,c#
289,27728301,2015-01-01T04:37:40.790,40106,angularjs
290,27728310,2015-01-01T04:41:12.157,2696086,html
291,27728312,2015-01-01T04:41:46.763,4284784,matplotlib
292,27728316,2015-01-01T04:42:14.357,4399545,c++
293,27728318,2015-01-01T04:43:02.497,2803329,r
294,27728321,2015-01-01T04:43:17.350,209219,regex
295,27728324,2015-01-01T04:44:52.313,1040634,php
296,27728326,2015-01-01T04:44:57.653,734040,ruby
297,27728331,2015-01-01T04:45:52.680,3994149,python
298,27728337,2015-01-01T04:47:32.813,4343123,java
299,27728347,2015-01-01T04:50:06.270,4409567,html
300,27728349,2015-01-01T04:50:41.800,2351234,java
301,27728350,2015-01-01T04:50:51.097,1851782,ios
302,27728351,2015-01-01T04:51:00.610,3149354,android
303,27728354,2015-01-01T04:51:19.437,1695660,c#
304,27728355,2015-01-01T04:51:51.783,4011548,php
305,27728359,2015-01-01T04:53:10.667,4409576,python
306,27728362,2015-01-01T04:54:17.563,4409579,sql-server
307,27728363,2015-01-01T04:54:47.570,2720200,android
308,27728369,2015-01-01T04:56:06.897,4206599,php
309,27728370,2015-01-01T04:56:08.690,3406904,ios
310,27728377,2015-01-01T04:57:05.380,4239007,javascript
311,27728380,2015-01-01T04:57:34.983,4208052,android
312,27728384,2015-01-01T04:58:30.113,4357240,java
313,27728385,2015-01-01T04:58:51.603,774086,linux
314,27728390,2015-01-01T04:59:31.917,2131015,ruby-on-rails
315,27728392,2015-01-01T05:00:16.540,4407120,php
316,27728397,2015-01-01T05:01:19.867,2770375,java
317,27728399,2015-01-01T05:01:28.923,3396201,java
318,27728400,2015-01-01T05:01:48.797,1935753,java
319,27728401,2015-01-01T05:02:19.063,514875,java
320,27728413,2015-01-01T05:06:24.560,3513632,php
321,27728415,2015-01-01T05:07:05.230,4409586,android
322,27728421,2015-01-01T05:08:42.533,2348604,python
323,27728422,2015-01-01T05:09:25.330,4382039,javascript
324,27728435,2015-01-01T05:12:54.610,4407989,android
325,27728439,2015-01-01T05:13:25.670,263851,java
326,27728442,2015-01-01T05:14:00.940,4358561,javascript
327,27728445,2015-01-01T05:15:31.170,4243283,c#
328,27728449,2015-01-01T05:16:31.000,794779,docker
329,27728451,2015-01-01T05:17:22.903,4404670,oracle
330,27728457,2015-01-01T05:19:33.423,3017286,tomcat
331,27728458,2015-01-01T05:19:52.243,4090823,android
332,27728463,2015-01-01T05:20:34.873,1400240,ios
333,27728465,2015-01-01T05:20:45.383,3480644,javascript
334,27728466,2015-01-01T05:20:47.960,4399134,ios
335,27728467,2015-01-01T05:20:51.467,1573464,jquery
336,27728472,2015-01-01T05:21:44.923,1935753,python
337,27728475,2015-01-01T05:22:05.713,886357,objective-c
338,27728476,2015-01-01T05:22:33.653,1050619,java
339,27728480,2015-01-01T05:23:34.400,1998136,javascript
340,27728483,2015-01-01T05:25:01.820,815653,python
341,27728485,2015-01-01T05:25:24.663,4409590,android
342,27728493,2015-01-01T05:28:39.230,2614235,c#
343,27728496,2015-01-01T05:29:00.390,4408089,csv
344,27728499,2015-01-01T05:29:46.413,4409593,javascript
345,27728502,2015-01-01T05:30:20.660,2280637,string
346,27728503,2015-01-01T05:30:34.533,896997,java
347,27728504,2015-01-01T05:30:54.483,4277227,facebook-access-token
348,27728507,2015-01-01T05:32:50.080,2511014,kdb
349,27728508,2015-01-01T05:32:57.740,1998220,php
350,27728509,2015-01-01T05:33:23.050,4381090,c#
351,27728525,2015-01-01T05:35:59.930,1271410,c++
352,27728526,2015-01-01T05:36:04.670,3403972,android
353,27728531,2015-01-01T05:37:39.733,3170688,computer-vision
354,27728534,2015-01-01T05:38:38.640,2953119,c++
355,27728538,2015-01-01T05:39:24.643,3721030,javascript
356,27728539,2015-01-01T05:39:42.777,350421,android
357,27728544,2015-01-01T05:41:25.483,4299088,c#
358,27728546,2015-01-01T05:41:51.633,4253012,assembly
359,27728548,2015-01-01T05:42:05.253,2775569,java
360,27728550,2015-01-01T05:42:17.333,1762224,java
361,27728557,2015-01-01T05:44:12.703,3494471,visual-studio
362,27728558,2015-01-01T05:44:20.100,1236013,jquery-waypoints
363,27728567,2015-01-01T05:45:55.877,4409616,c++
364,27728568,2015-01-01T05:46:00.240,4409612,php
365,27728569,2015-01-01T05:46:11.740,4409614,c#
366,27728570,2015-01-01T05:46:51.930,2842458,javascript
367,27728575,2015-01-01T05:47:38.763,4380669,ios
368,27728577,2015-01-01T05:48:22.563,3830471,c#
369,27728584,2015-01-01T05:49:39.267,3648039,java
370,27728586,2015-01-01T05:50:53.693,2634142,python
371,27728587,2015-01-01T05:50:59.413,3140837,sql
372,27728588,2015-01-01T05:51:35.187,4409613,css
373,27728591,2015-01-01T05:52:01.947,379235,ios
374,27728594,2015-01-01T05:52:48.883,654434,templates
375,27728598,2015-01-01T05:53:35.513,2244438,javascript
376,27728599,2015-01-01T05:53:57.647,2345694,apache-spark
377,27728602,2015-01-01T05:54:36.963,3176984,javascript
378,27728604,2015-01-01T05:55:13.640,4062991,arrays
379,27728606,2015-01-01T05:55:50.793,4397193,c#
380,27728614,2015-01-01T05:58:42.523,4409189,java
381,27728618,2015-01-01T05:59:26.543,4104357,c
382,27728619,2015-01-01T06:00:07.313,4213460,javascript
383,27728622,2015-01-01T06:00:49.750,4102129,android
384,27728624,2015-01-01T06:01:51.057,4409609,php
385,27728625,2015-01-01T06:01:51.693,2280374,sql
386,27728626,2015-01-01T06:02:26.323,2859764,ios8
387,27728629,2015-01-01T06:03:33.527,4115596,java
388,27728631,2015-01-01T06:03:40.073,812582,image
389,27728639,2015-01-01T06:04:33.813,4055329,algorithm
390,27728640,2015-01-01T06:04:34.280,4378332,angularjs
391,27728644,2015-01-01T06:05:03.550,843477,wordpress
392,27728650,2015-01-01T06:05:29.487,3973017,c#
393,27728651,2015-01-01T06:05:47.540,1881391,arduino
394,27728652,2015-01-01T06:06:11.637,4379878,c++
395,27728656,2015-01-01T06:07:11.280,3125008,windows
396,27728659,2015-01-01T06:07:31.973,1109443,c++
397,27728663,2015-01-01T06:08:28.180,1506709,javascript
398,27728665,2015-01-01T06:08:59.743,4409636,ios
399,27728667,2015-01-01T06:09:35.920,4308638,javascript
400,27728672,2015-01-01T06:10:19.493,1443633,ios
401,27728674,2015-01-01T06:10:41.363,3721822,php
402,27728681,2015-01-01T06:11:53.923,1031842,list
403,27728682,2015-01-01T06:12:03.267,4395921,css
404,27728683,2015-01-01T06:12:07.343,585440,jquery
405,27728685,2015-01-01T06:12:52.387,1896222,c#
406,27728687,2015-01-01T06:13:09.230,4397297,python
407,27728688,2015-01-01T06:13:10.313,828091,javascript
408,27728693,2015-01-01T06:13:42.713,3409064,xml
409,27728695,2015-01-01T06:14:28.333,2632856,python
410,27728697,2015-01-01T06:14:47.150,3449215,c#
411,27728698,2015-01-01T06:14:59.347,2613392,hadoop
412,27728707,2015-01-01T06:16:57.463,567797,python
413,27728708,2015-01-01T06:17:13.920,2372655,java
414,27728712,2015-01-01T06:18:43.860,1820686,angularjs
415,27728715,2015-01-01T06:19:07.320,3739637,php
416,27728725,2015-01-01T06:21:08.610,4360926,sql-server
417,27728730,2015-01-01T06:21:53.953,283863,html
418,27728731,2015-01-01T06:21:57.747,407744,scala
419,27728732,2015-01-01T06:21:57.867,3077105,c#
420,27728733,2015-01-01T06:22:26.950,2790805,java
421,27728734,2015-01-01T06:22:55.307,3692313,javascript
422,27728736,2015-01-01T06:23:15.400,3514096,javascript
423,27728737,2015-01-01T06:23:18.330,218349,javascript
424,27728740,2015-01-01T06:24:09.863,4263021,c#
425,27728743,2015-01-01T06:25:10.923,4128760,mysql
426,27728751,2015-01-01T06:26:23.180,2104228,ios
427,27728753,2015-01-01T06:27:00.193,1511197,javascript
428,27728755,2015-01-01T06:27:11.900,3881173,java
429,27728757,2015-01-01T06:27:30.397,878126,android
430,27728761,2015-01-01T06:28:00.370,2269738,symfony2
431,27728766,2015-01-01T06:28:51.673,1040923,android
432,27728774,2015-01-01T06:30:33.597,4408845,html
433,27728775,2015-01-01T06:30:35.790,875915,python
434,27728782,2015-01-01T06:31:25.863,4409662,sql-server
435,27728783,2015-01-01T06:31:41.930,2331861,date
436,27728790,2015-01-01T06:32:30.207,1020965,javascript
437,27728791,2015-01-01T06:32:30.737,861902,java
438,27728793,2015-01-01T06:33:34.480,555398,scala
439,27728795,2015-01-01T06:33:48.817,4407902,css
440,27728798,2015-01-01T06:35:14.577,4361456,authorization
441,27728803,2015-01-01T06:35:42.117,2095114,php
442,27728805,2015-01-01T06:36:31.623,3447749,asp.net
443,27728808,2015-01-01T06:36:42.833,1134192,math
444,27728811,2015-01-01T06:37:06.100,3606412,javascript
445,27728821,2015-01-01T06:39:37.483,2348604,python
446,27728823,2015-01-01T06:39:42.013,4370606,php
447,27728824,2015-01-01T06:39:53.303,166343,javascript
448,27728829,2015-01-01T06:40:14.523,1569010,python
449,27728832,2015-01-01T06:41:21.110,800907,javascript
450,27728834,2015-01-01T06:41:49.613,334304,laravel
451,27728836,2015-01-01T06:42:04.353,2673819,java
452,27728838,2015-01-01T06:42:23.883,3040129,haskell
453,27728844,2015-01-01T06:43:42.733,2672970,visual-studio
454,27728859,2015-01-01T06:47:27.510,1579878,itext
455,27728871,2015-01-01T06:48:52.180,4409673,asp.net-mvc
456,27728875,2015-01-01T06:49:29.243,4222487,c#
457,27728885,2015-01-01T06:50:59.000,4139754,ios
458,27728892,2015-01-01T06:53:01.837,4180169,css3
459,27728894,2015-01-01T06:53:11.820,4409677,scope
460,27728895,2015-01-01T06:54:30.817,4409620,java
461,27728896,2015-01-01T06:54:38.263,4029378,ios
462,27728899,2015-01-01T06:54:57.183,4382654,php
463,27728905,2015-01-01T06:55:43.433,1600058,java
464,27728906,2015-01-01T06:55:58.500,4367577,c++
465,27728907,2015-01-01T06:56:20.403,4268241,sql-server
466,27728909,2015-01-01T06:56:50.877,3813962,javascript
467,27728913,2015-01-01T06:57:24.283,3496570,android
468,27728918,2015-01-01T06:58:17.173,3999025,python
469,27728919,2015-01-01T06:58:36.010,2181056,google-chrome
470,27728920,2015-01-01T06:58:42.180,4323214,sql
471,27728922,2015-01-01T06:59:13.010,3981354,java
472,27728923,2015-01-01T06:59:47.967,4409657,c#
473,27728926,2015-01-01T07:00:21.807,4378043,html
474,27728927,2015-01-01T07:00:49.280,2297874,javascript
475,27728931,2015-01-01T07:02:06.653,4112959,c++
476,27728932,2015-01-01T07:02:07.907,1213618,hadoop
477,27728934,2015-01-01T07:02:15.283,3984720,php
478,27728938,2015-01-01T07:03:11.523,4274563,ssis
479,27728946,2015-01-01T07:05:47.913,380562,c++
480,27728954,2015-01-01T07:07:40.770,3811162,android
481,27728955,2015-01-01T07:07:49.077,1993688,html
482,27728959,2015-01-01T07:09:11.590,225520,ember.js
483,27728960,2015-01-01T07:09:15.317,355456,android
484,27728961,2015-01-01T07:09:43.843,1953800,javascript
485,27728965,2015-01-01T07:10:47.207,4409690,java
486,27728967,2015-01-01T07:11:31.230,833232,c#
487,27728970,2015-01-01T07:11:51.367,4057478,android
488,27728972,2015-01-01T07:12:18.907,3814998,jsf
489,27728978,2015-01-01T07:13:56.990,2762492,python
490,27728982,2015-01-01T07:15:18.840,2478314,javascript
491,27728986,2015-01-01T07:16:08.847,4392249,sqlite
492,27728987,2015-01-01T07:16:35.827,1179689,binutils
493,27728989,2015-01-01T07:16:45.727,1653521,python
494,27728990,2015-01-01T07:17:02.263,2058221,java
495,27729001,2015-01-01T07:19:13.017,4409705,java
496,27729005,2015-01-01T07:19:29.117,3764801,html
497,27729008,2015-01-01T07:20:13.363,776184,visual-studio-2012
498,27729010,2015-01-01T07:21:02.017,3989193,configuration
499,27729020,2015-01-01T07:21:46.880,2994827,java
500,27729026,2015-01-01T07:23:01.813,4192966,android
501,27729033,2015-01-01T07:25:02.100,2034822,android
502,27729046,2015-01-01T07:27:39.687,4249539,javascript
503,27729048,2015-01-01T07:28:12.357,4379427,file
504,27729058,2015-01-01T07:29:38.310,2204620,java
505,27729059,2015-01-01T07:29:50.607,785349,java
506,27729073,2015-01-01T07:32:03.040,2511147,asp.net
507,27729074,2015-01-01T07:32:11.510,3943160,r
508,27729080,2015-01-01T07:33:34.593,1309431,c++
509,27729083,2015-01-01T07:34:08.193,1940394,javascript
510,27729086,2015-01-01T07:34:15.723,810435,java
511,27729087,2015-01-01T07:34:21.627,user4069483,cordova
512,27729094,2015-01-01T07:35:36.710,1136700,c++
513,27729099,2015-01-01T07:36:43.660,567797,javascript
514,27729100,2015-01-01T07:36:46.493,489718,spring
515,27729102,2015-01-01T07:38:58.637,2993096,c#
516,27729103,2015-01-01T07:39:35.640,3975845,spring-security
517,27729106,2015-01-01T07:39:51.590,3535226,ms-access-2007
518,27729111,2015-01-01T07:40:36.443,4373109,c++
519,27729113,2015-01-01T07:40:49.810,3305976,c#
520,27729115,2015-01-01T07:41:10.660,2858541,android
521,27729117,2015-01-01T07:41:37.327,1640038,mongodb
522,27729118,2015-01-01T07:42:50.250,4409731,sql
523,27729120,2015-01-01T07:43:03.420,2374028,c#
524,27729123,2015-01-01T07:44:24.177,1012506,c#
525,27729127,2015-01-01T07:45:22.197,272769,email
526,27729128,2015-01-01T07:45:32.587,3884197,javascript
527,27729129,2015-01-01T07:45:37.770,4029561,ios
528,27729131,2015-01-01T07:46:17.703,3898286,java
529,27729133,2015-01-01T07:46:40.053,1531657,android
530,27729134,2015-01-01T07:47:14.090,4401862,vba
531,27729139,2015-01-01T07:47:45.670,4341683,ubuntu
532,27729141,2015-01-01T07:48:02.077,4217738,r
533,27729144,2015-01-01T07:48:22.147,196451,c#
534,27729148,2015-01-01T07:50:02.207,4409742,javascript
535,27729150,2015-01-01T07:50:16.533,1421910,ios
536,27729154,2015-01-01T07:51:18.630,4340537,c#
537,27729156,2015-01-01T07:51:37.520,3223340,java
538,27729160,2015-01-01T07:52:07.093,4409756,java
539,27729168,2015-01-01T07:53:49.853,2879704,git
540,27729171,2015-01-01T07:54:38.567,4409736,php
541,27729172,2015-01-01T07:54:47.797,1938702,excel-2007
542,27729177,2015-01-01T07:56:36.177,2184663,c++
543,27729179,2015-01-01T07:58:24.777,3116355,python
544,27729182,2015-01-01T07:59:49.153,3682369,c#
545,27729184,2015-01-01T08:00:05.843,4198334,google-cloud-messaging
546,27729185,2015-01-01T08:00:57.897,4240853,html
547,27729186,2015-01-01T08:01:10.377,863846,facebook
548,27729191,2015-01-01T08:01:46.520,4115596,java
549,27729193,2015-01-01T08:01:53.367,3878106,html
550,27729199,2015-01-01T08:03:13.167,3625340,image-processing
551,27729200,2015-01-01T08:03:42.747,1964381,sql-server
552,27729207,2015-01-01T08:04:38.243,4409052,php
553,27729210,2015-01-01T08:05:05.563,4395618,python
554,27729216,2015-01-01T08:06:02.923,3472512,android
555,27729221,2015-01-01T08:06:56.417,4229965,php
556,27729224,2015-01-01T08:08:19.583,4209866,php
557,27729226,2015-01-01T08:08:25.430,4409770,bash
558,27729229,2015-01-01T08:08:55.703,3411500,php
559,27729232,2015-01-01T08:09:25.010,3759611,java
560,27729234,2015-01-01T08:10:03.270,49183,javascript
561,27729235,2015-01-01T08:10:07.477,961627,perl
562,27729237,2015-01-01T08:10:26.320,2786156,java
563,27729238,2015-01-01T08:10:29.927,4409773,java
564,27729241,2015-01-01T08:11:28.623,1989612,elasticsearch
565,27729247,2015-01-01T08:13:03.683,4395170,javascript
566,27729248,2015-01-01T08:13:28.237,4409734,c++
567,27729254,2015-01-01T08:14:49.617,2409270,javascript
568,27729266,2015-01-01T08:17:13.453,2572999,ruby-on-rails
569,27729269,2015-01-01T08:17:40.410,4409782,javascript
570,27729270,2015-01-01T08:17:42.320,1028741,c#
571,27729272,2015-01-01T08:17:45.857,3474942,java
572,27729274,2015-01-01T08:17:50.820,2976241,c#
573,27729275,2015-01-01T08:18:36.087,1690226,c#
574,27729276,2015-01-01T08:18:35.873,3149625,javascript
575,27729279,2015-01-01T08:18:50.147,2507991,wpf
576,27729281,2015-01-01T08:19:09.483,2440284,sql
577,27729283,2015-01-01T08:19:41.307,2410145,javascript
578,27729285,2015-01-01T08:20:19.780,1377850,postgresql
579,27729290,2015-01-01T08:21:38.633,3103244,android
580,27729291,2015-01-01T08:21:44.603,4145456,c#
581,27729292,2015-01-01T08:21:48.713,1451247,swift
582,27729293,2015-01-01T08:21:51.747,3128376,php
583,27729298,2015-01-01T08:22:54.123,4204143,java
584,27729300,2015-01-01T08:23:15.700,3508094,php
585,27729306,2015-01-01T08:24:53.577,2725445,android
586,27729307,2015-01-01T08:25:15.880,1120893,mysql
587,27729310,2015-01-01T08:26:34.040,3374362,android
588,27729312,2015-01-01T08:27:33.207,4306499,php
589,27729314,2015-01-01T08:27:37.720,1464597,oop
590,27729317,2015-01-01T08:27:57.073,4402209,php
591,27729318,2015-01-01T08:28:02.250,4152760,javascript
592,27729320,2015-01-01T08:28:14.953,3941173,java
593,27729322,2015-01-01T08:28:40.873,2478571,patch
594,27729326,2015-01-01T08:29:38.770,3678933,matlab
595,27729331,2015-01-01T08:30:54.900,1088618,ruby
596,27729333,2015-01-01T08:31:06.190,1874323,c++
597,27729334,2015-01-01T08:31:11.587,4227727,c#
598,27729340,2015-01-01T08:32:14.393,4399282,android
599,27729346,2015-01-01T08:33:34.477,4258423,java
600,27729351,2015-01-01T08:33:55.717,2730064,javascript
601,27729358,2015-01-01T08:35:13.547,567797,javascript
602,27729367,2015-01-01T08:36:50.143,3735187,php
603,27729370,2015-01-01T08:37:03.297,4369068,sql
604,27729373,2015-01-01T08:37:49.357,4402372,extjs
605,27729378,2015-01-01T08:38:21.537,3523648,android
606,27729380,2015-01-01T08:38:50.970,4390794,javascript
607,27729385,2015-01-01T08:39:25.623,4370004,sql-server
608,27729387,2015-01-01T08:39:31.683,1146499,android
609,27729388,2015-01-01T08:39:43.737,2786156,java
610,27729390,2015-01-01T08:39:49.677,3921753,perl
611,27729391,2015-01-01T08:40:19.680,4409766,backbone.js
612,27729395,2015-01-01T08:40:47.430,1887931,linq
613,27729398,2015-01-01T08:41:06.520,1065869,java
614,27729401,2015-01-01T08:41:36.253,1333598,django
615,27729403,2015-01-01T08:41:55.093,3114551,bash
616,27729404,2015-01-01T08:42:04.683,2441903,python
617,27729405,2015-01-01T08:42:06.470,3070790,java
618,27729406,2015-01-01T08:42:17.280,4391649,android
619,27729408,2015-01-01T08:43:20.117,3278499,excel
620,27729411,2015-01-01T08:43:50.360,2913150,node.js
621,27729414,2015-01-01T08:45:00.750,2031872,multithreading
622,27729415,2015-01-01T08:45:05.393,152825,ruby-on-rails
623,27729419,2015-01-01T08:45:36.390,2333459,android
624,27729421,2015-01-01T08:45:48.013,3103807,php
625,27729431,2015-01-01T08:47:07.423,4409567,html
626,27729433,2015-01-01T08:47:50.930,2826184,android
627,27729439,2015-01-01T08:48:26.940,2448397,java
628,27729445,2015-01-01T08:50:01.713,4156135,javascript
629,27729454,2015-01-01T08:50:57.160,3880254,c++
630,27729458,2015-01-01T08:51:14.210,753379,devexpress
631,27729465,2015-01-01T08:52:25.433,4399134,ios
632,27729466,2015-01-01T08:52:28.460,1844299,c#
633,27729467,2015-01-01T08:52:41.863,1945577,c++
634,27729468,2015-01-01T08:52:51.963,2875641,java
635,27729475,2015-01-01T08:54:44.947,2120749,javascript
636,27729487,2015-01-01T08:59:08.390,4402755,python
637,27729489,2015-01-01T08:59:15.317,4401933,merge
638,27729490,2015-01-01T08:59:24.587,1014164,objective-c
639,27729492,2015-01-01T09:01:03.807,2655583,javascript
640,27729495,2015-01-01T09:01:36.087,4359339,php
641,27729496,2015-01-01T09:01:43.470,1205273,mysql
642,27729497,2015-01-01T09:01:50.393,155823,ruby-on-rails
643,27729499,2015-01-01T09:01:55.393,3354610,android
644,27729503,2015-01-01T09:02:53.127,3725998,android
645,27729511,2015-01-01T09:04:47.577,4405757,machine-learning
646,27729514,2015-01-01T09:05:35.077,1409708,java
647,27729515,2015-01-01T09:06:08.047,4072994,html
648,27729516,2015-01-01T09:06:13.033,2992968,css
649,27729527,2015-01-01T09:08:43.777,3153523,php
650,27729534,2015-01-01T09:09:42.263,3477026,c#
651,27729537,2015-01-01T09:10:23.140,1340582,docker
652,27729547,2015-01-01T09:11:35.373,2473036,java
653,27729552,2015-01-01T09:11:54.383,4408367,php
654,27729557,2015-01-01T09:13:16.407,1642592,android
655,27729558,2015-01-01T09:13:24.357,4409739,android
656,27729560,2015-01-01T09:13:46.353,2511147,c#
657,27729571,2015-01-01T09:17:09.387,4409840,c#
658,27729572,2015-01-01T09:17:12.677,4409852,android-studio
659,27729582,2015-01-01T09:19:09.047,263851,javascript
660,27729595,2015-01-01T09:21:32.530,1093528,java
661,27729599,2015-01-01T09:23:27.893,4409828,c#
662,27729607,2015-01-01T09:25:15.590,4192431,java
663,27729610,2015-01-01T09:25:53.147,3074110,android
664,27729611,2015-01-01T09:26:02.807,2585073,c++
665,27729616,2015-01-01T09:27:05.077,3971538,c++
666,27729618,2015-01-01T09:27:21.977,2991243,matlab
667,27729619,2015-01-01T09:27:37.697,747024,html
668,27729620,2015-01-01T09:27:37.893,4228160,php
669,27729624,2015-01-01T09:28:21.237,4385237,javascript
670,27729627,2015-01-01T09:28:37.697,2378249,actionscript-3
671,27729632,2015-01-01T09:29:45.600,4286450,java
672,27729633,2015-01-01T09:29:51.730,3812750,redis
673,27729637,2015-01-01T09:31:02.160,3764801,php
674,27729638,2015-01-01T09:31:11.140,3809691,java
675,27729642,2015-01-01T09:32:05.667,3999648,javascript
676,27729644,2015-01-01T09:32:32.667,3720611,ruby
677,27729645,2015-01-01T09:32:38.737,728407,c++
678,27729665,2015-01-01T09:37:05.720,4390818,css
679,27729670,2015-01-01T09:38:48.043,4233910,php
680,27729671,2015-01-01T09:38:55.043,4307775,python
681,27729672,2015-01-01T09:38:58.680,1638739,dll
682,27729674,2015-01-01T09:39:16.253,2228771,javascript
683,27729679,2015-01-01T09:39:43.943,2135210,parse.com
684,27729681,2015-01-01T09:40:25.153,3634936,python
685,27729685,2015-01-01T09:41:10.327,152598,c#
686,27729692,2015-01-01T09:42:07.760,4409855,c
687,27729697,2015-01-01T09:42:54.277,user3239820,c#
688,27729698,2015-01-01T08:21:19.293,80428,java
689,27729701,2015-01-01T09:43:17.660,3594071,javascript
690,27729702,2015-01-01T09:43:34.593,536086,c++
691,27729703,2015-01-01T09:43:52.157,1065869,osx
692,27729710,2015-01-01T09:45:01.140,4401154,import
693,27729716,2015-01-01T09:46:06.980,2767743,ruby-on-rails
694,27729717,2015-01-01T09:46:15.517,2646169,c
695,27729718,2015-01-01T09:46:16.783,1378608,xml
696,27729719,2015-01-01T09:46:42.587,3306294,matlab
697,27729722,2015-01-01T09:47:11.747,80577,c#-4.0
698,27729730,2015-01-01T09:48:29.327,1575632,javascript
699,27729732,2015-01-01T09:48:38.773,2821999,objective-c
700,27729734,2015-01-01T09:49:00.747,401898,css
701,27729736,2015-01-01T09:49:24.743,2799326,extjs
702,27729741,2015-01-01T09:50:32.770,1909751,python
703,27729742,2015-01-01T09:51:14.663,3598633,php
704,27729750,2015-01-01T09:52:37.053,260511,java
705,27729753,2015-01-01T09:53:08.830,4242659,jquery
706,27729758,2015-01-01T09:54:22.797,4132281,android
707,27729760,2015-01-01T09:54:52.310,3595645,python
708,27729761,2015-01-01T09:54:59.450,1475962,html
709,27729764,2015-01-01T09:55:23.920,3836142,php
710,27729770,2015-01-01T09:56:45.637,4408040,java
711,27729772,2015-01-01T09:57:11.153,4378276,linux
712,27729776,2015-01-01T09:58:10.603,4333374,c++
713,27729778,2015-01-01T09:58:23.863,25097,python
714,27729779,2015-01-01T09:59:05.197,3625639,javascript
715,27729786,2015-01-01T09:59:58.030,3599197,php
716,27729790,2015-01-01T10:00:26.377,4250435,javascript
717,27729792,2015-01-01T10:00:34.910,4359313,c#
718,27729802,2015-01-01T10:02:01.317,1529654,sql-server
719,27729805,2015-01-01T10:02:20.367,4408071,html
720,27729807,2015-01-01T10:03:06.743,2920079,android
721,27729810,2015-01-01T10:03:15.313,2628207,python
722,27729813,2015-01-01T10:04:04.753,800285,sql
723,27729815,2015-01-01T10:04:30.533,4365219,python
724,27729816,2015-01-01T10:04:36.610,3245409,c#
725,27729819,2015-01-01T10:05:10.857,445820,apache
726,27729821,2015-01-01T10:05:39.333,2095114,php
727,27729822,2015-01-01T10:05:43.133,3585182,javascript
728,27729827,2015-01-01T10:06:36.233,4386244,matlab
729,27729832,2015-01-01T10:07:37.547,711111,swift
730,27729837,2015-01-01T10:08:05.637,2534421,c#
731,27729840,2015-01-01T10:08:27.577,2108401,android
732,27729842,2015-01-01T10:08:35.610,4381594,php
733,27729846,2015-01-01T10:09:04.357,2229234,java
734,27729848,2015-01-01T10:09:17.270,2555911,ios
735,27729850,2015-01-01T10:10:03.190,384155,html
736,27729851,2015-01-01T10:10:09.453,1406510,java
737,27729853,2015-01-01T10:10:32.507,1597315,ruby
738,27729859,2015-01-01T10:12:12.240,4407902,javascript
739,27729862,2015-01-01T10:13:00.117,1015722,ruby
740,27729865,2015-01-01T10:13:16.753,1101278,java
741,27729867,2015-01-01T10:13:34.193,4409789,c
742,27729868,2015-01-01T10:13:47.117,2801589,ios
743,27729869,2015-01-01T10:13:51.317,3758796,vb.net
744,27729878,2015-01-01T10:15:48.783,3863009,sql
745,27729879,2015-01-01T10:16:07.017,3176971,java
746,27729880,2015-01-01T10:16:08.423,2700508,math
747,27729881,2015-01-01T10:16:24.030,4409883,c#
748,27729884,2015-01-01T10:16:43.450,876739,sql
749,27729892,2015-01-01T10:17:50.033,3497955,performance-testing
750,27729893,2015-01-01T10:17:55.720,3477591,php
751,27729900,2015-01-01T10:19:33.013,253976,paypal
752,27729907,2015-01-01T10:21:10.980,3110675,java
753,27729908,2015-01-01T10:21:37.093,2407103,java
754,27729910,2015-01-01T10:21:43.573,3335680,android
755,27729912,2015-01-01T10:21:52.877,3087601,c++
756,27729919,2015-01-01T10:22:58.473,2054147,java
757,27729920,2015-01-01T10:23:01.723,4409932,java
758,27729921,2015-01-01T10:23:01.827,4269239,ruby-on-rails
759,27729929,2015-01-01T10:24:00.490,2321229,web
760,27729930,2015-01-01T10:24:06.503,916439,c
761,27729935,2015-01-01T10:24:31.640,4045579,java
762,27729937,2015-01-01T10:25:06.990,4337210,java
763,27729944,2015-01-01T10:25:36.420,3395776,php
764,27729947,2015-01-01T10:26:07.757,4348716,linux
765,27729951,2015-01-01T10:27:05.153,2952251,java
766,27729952,2015-01-01T10:27:04.993,517403,ios
767,27729953,2015-01-01T10:27:17.293,2087628,java
768,27729955,2015-01-01T10:27:38.867,4323139,android
769,27729956,2015-01-01T10:27:59.467,3988992,javascript
770,27729958,2015-01-01T10:28:16.637,4001146,android
771,27729961,2015-01-01T10:28:30.810,3809691,java
772,27729968,2015-01-01T10:29:16.537,1083093,android
773,27729976,2015-01-01T10:30:00.507,3562969,android
774,27729977,2015-01-01T10:30:14.410,3030415,php
775,27729979,2015-01-01T10:30:22.413,4207206,c++
776,27729980,2015-01-01T10:30:25.593,1089652,iphone
777,27729982,2015-01-01T10:30:34.117,1061676,java
778,27729983,2015-01-01T10:30:59.700,4231549,ruby-on-rails
779,27729999,2015-01-01T10:33:52.833,145682,windows
780,27730002,2015-01-01T10:34:30.427,2349358,c#
781,27730003,2015-01-01T10:34:50.860,978237,ios
782,27730004,2015-01-01T10:34:55.263,user4409903,php
783,27730008,2015-01-01T10:35:10.117,4409945,lex
784,27730010,2015-01-01T10:35:20.220,2067896,salt-stack
785,27730011,2015-01-01T10:35:22.773,250787,android
786,27730017,2015-01-01T10:36:27.003,3981858,c#
787,27730023,2015-01-01T10:37:57.097,4395970,java
788,27730024,2015-01-01T10:38:11.200,2622571,java
789,27730028,2015-01-01T10:39:25.847,614208,php
790,27730029,2015-01-01T10:39:43.657,4408748,mysql
791,27730035,2015-01-01T10:41:18.913,4256930,android
792,27730036,2015-01-01T10:41:22.070,1903663,python
793,27730037,2015-01-01T10:41:23.137,534802,asp.net-mvc
794,27730038,2015-01-01T10:41:29.987,2560183,regex
795,27730041,2015-01-01T10:41:50.820,3124793,python
796,27730044,2015-01-01T10:42:31.613,4304194,python
797,27730046,2015-01-01T10:42:38.417,4220128,mysql
798,27730052,2015-01-01T10:43:16.147,844005,scala
799,27730055,2015-01-01T10:43:38.887,1352125,html
800,27730056,2015-01-01T10:44:06.620,4009451,groovy
801,27730058,2015-01-01T10:44:37.170,889887,laravel-4
802,27730061,2015-01-01T10:45:20.910,4087789,jtextarea
803,27730067,2015-01-01T10:46:08.223,4409914,ios
804,27730068,2015-01-01T10:46:23.360,4409929,java
805,27730075,2015-01-01T10:47:31.973,4308266,multithreading
806,27730077,2015-01-01T10:47:47.563,1623112,image
807,27730080,2015-01-01T10:48:23.720,4403501,javascript
808,27730084,2015-01-01T10:48:56.247,4255337,android
809,27730086,2015-01-01T10:49:00.603,1344545,java
810,27730087,2015-01-01T10:49:12.837,4409954,intellij-idea
811,27730103,2015-01-01T10:51:02.757,3580859,r
812,27730104,2015-01-01T10:51:08.577,4409567,html
813,27730105,2015-01-01T10:51:14.803,1076866,angularjs
814,27730108,2015-01-01T10:51:39.757,2135210,swift
815,27730115,2015-01-01T10:53:02.620,2307664,java
816,27730119,2015-01-01T10:53:28.323,4409979,website
817,27730122,2015-01-01T10:54:17.977,4087001,naming
818,27730123,2015-01-01T10:54:48.807,4150329,c++
819,27730124,2015-01-01T10:54:51.167,2497790,r
820,27730134,2015-01-01T10:56:02.087,1428318,c#
821,27730140,2015-01-01T10:56:51.500,2405040,groovy
822,27730141,2015-01-01T10:57:01.127,867848,php
823,27730146,2015-01-01T10:57:18.240,1003132,installation
824,27730150,2015-01-01T10:57:44.230,2673819,javascript
825,27730152,2015-01-01T10:58:02.647,4391210,php
826,27730154,2015-01-01T10:58:14.513,2361174,java
827,27730158,2015-01-01T10:58:33.220,273348,c++
828,27730159,2015-01-01T10:58:34.617,4409966,sql
829,27730161,2015-01-01T10:58:56.413,3786285,node.js
830,27730162,2015-01-01T10:59:03.283,4152984,java
831,27730168,2015-01-01T10:59:37.233,4172638,python
832,27730170,2015-01-01T10:59:46.563,3068541,ruby-on-rails
833,27730173,2015-01-01T11:00:10.617,2847238,android
834,27730176,2015-01-01T11:00:58.157,1541152,php
835,27730178,2015-01-01T11:01:24.967,4409984,android
836,27730180,2015-01-01T11:01:29.193,4409992,java
837,27730182,2015-01-01T11:01:47.873,3016864,breeze
838,27730184,2015-01-01T11:02:12.560,3245747,eclipse-plugin
839,27730187,2015-01-01T11:02:23.963,4409952,python
840,27730190,2015-01-01T11:03:24.027,3574041,javascript
841,27730191,2015-01-01T11:03:52.983,3977047,python
842,27730194,2015-01-01T11:04:11.053,4409940,php
843,27730195,2015-01-01T11:04:34.087,3849963,scala
844,27730196,2015-01-01T11:04:34.120,3354610,android
845,27730205,2015-01-01T11:06:00.700,2394025,ios
846,27730210,2015-01-01T11:07:01.900,4402131,ios
847,27730211,2015-01-01T11:07:07.333,1192426,javascript
848,27730213,2015-01-01T11:07:17.347,3143823,http
849,27730216,2015-01-01T11:08:25.007,2935653,android
850,27730224,2015-01-01T11:09:26.783,2760981,javascript
851,27730227,2015-01-01T11:09:56.907,4407315,c++
852,27730229,2015-01-01T11:10:19.930,4410007,multithreading
853,27730231,2015-01-01T11:10:59.327,3909557,xml
854,27730233,2015-01-01T11:11:21.223,4409994,sql-server
855,27730235,2015-01-01T11:11:38.740,4409986,c++
856,27730236,2015-01-01T11:11:55.213,1303004,android
857,27730243,2015-01-01T11:13:00.750,4332528,android
858,27730245,2015-01-01T11:13:13.937,4376375,ios
859,27730247,2015-01-01T11:13:21.753,4409991,c++
860,27730249,2015-01-01T11:13:40.533,4361048,php
861,27730253,2015-01-01T11:15:39.540,3875363,android
862,27730254,2015-01-01T11:15:40.360,3827970,c++
863,27730255,2015-01-01T11:15:41.340,4401251,c++
864,27730256,2015-01-01T11:15:58.943,3602998,android
865,27730260,2015-01-01T11:16:48.467,4409934,php
866,27730261,2015-01-01T11:16:53.157,3900117,php
867,27730264,2015-01-01T11:17:21.650,1336087,linux
868,27730265,2015-01-01T11:17:25.617,3725998,android
869,27730266,2015-01-01T11:17:33.437,1294950,oracle
870,27730267,2015-01-01T11:17:34.457,1278883,angularjs
871,27730270,2015-01-01T11:18:01.850,4229508,php
872,27730273,2015-01-01T11:18:18.790,1790762,types
873,27730274,2015-01-01T11:18:22.243,1517569,java
874,27730275,2015-01-01T11:18:44.403,4284346,ios
875,27730276,2015-01-01T11:18:58.480,4200728,c#
876,27730277,2015-01-01T11:18:59.683,4395872,javascript
877,27730280,2015-01-01T11:19:23.237,3947344,python
878,27730282,2015-01-01T11:19:28.907,831337,c#
879,27730283,2015-01-01T11:19:30.337,user4410009,php
880,27730284,2015-01-01T11:19:30.943,1565060,node.js
881,27730287,2015-01-01T11:19:40.313,649299,ruby
882,27730291,2015-01-01T11:20:25.470,2398191,android
883,27730292,2015-01-01T11:20:29.203,2340964,linux
884,27730294,2015-01-01T11:20:39.523,4091641,json
885,27730295,2015-01-01T11:20:53.550,4410013,php
886,27730296,2015-01-01T11:21:21.647,4410003,python
887,27730301,2015-01-01T11:22:35.660,4410022,css
888,27730306,2015-01-01T11:23:15.217,4407804,c#
889,27730311,2015-01-01T11:23:43.007,4406296,visual-c++
890,27730312,2015-01-01T11:23:43.813,2897066,encryption
891,27730314,2015-01-01T11:23:52.680,4368688,c#
892,27730317,2015-01-01T11:24:44.357,1080178,mysql
893,27730321,2015-01-01T11:25:42.073,4376934,javascript
894,27730324,2015-01-01T11:25:45.833,user4410020,android
895,27730330,2015-01-01T11:26:15.143,3087778,java
896,27730333,2015-01-01T11:26:31.723,3224929,javascript
897,27730334,2015-01-01T11:26:36.310,3867343,php
898,27730336,2015-01-01T11:26:46.053,3514096,javascript
899,27730337,2015-01-01T11:26:47.490,1593077,c++
900,27730338,2015-01-01T11:26:49.163,1635676,ruby-on-rails
901,27730343,2015-01-01T11:27:28.013,3646748,c#
902,27730349,2015-01-01T11:27:49.100,4409964,java
903,27730350,2015-01-01T11:28:18.287,3593996,git
904,27730366,2015-01-01T11:30:07.070,4340286,java
905,27730370,2015-01-01T11:30:47.013,user4393699,android
906,27730373,2015-01-01T11:31:26.987,4408208,function-pointers
907,27730377,2015-01-01T11:31:56.183,4107888,c#
908,27730378,2015-01-01T11:32:01.057,3663882,java
909,27730379,2015-01-01T11:32:09.633,2735535,php
910,27730380,2015-01-01T11:32:13.923,442412,tuckey-urlrewrite-filter
911,27730382,2015-01-01T11:33:12.853,2867551,c#
912,27730384,2015-01-01T11:33:28.647,526546,osx
913,27730389,2015-01-01T11:34:15.040,3223138,r
914,27730392,2015-01-01T11:34:40.803,253425,javascript
915,27730395,2015-01-01T11:34:55.260,752301,java
916,27730396,2015-01-01T11:35:01.313,874456,quickbooks
917,27730397,2015-01-01T11:35:06.263,3276171,slick
918,27730408,2015-01-01T11:36:07.893,3520621,xaml
919,27730410,2015-01-01T11:36:11.790,3789550,python
920,27730413,2015-01-01T11:36:28.907,4410015,php
921,27730416,2015-01-01T11:36:58.910,4410038,nginx
922,27730418,2015-01-01T11:37:20.083,3960528,java
923,27730419,2015-01-01T11:37:20.183,3853657,sql
924,27730422,2015-01-01T11:37:39.623,4409737,perl
925,27730425,2015-01-01T11:37:41.293,4408133,java
926,27730433,2015-01-01T11:38:23.313,2228135,android
927,27730434,2015-01-01T11:38:27.590,4409955,sql
928,27730460,2015-01-01T11:41:44.800,3568611,c
929,27730462,2015-01-01T11:41:57.390,4410010,javascript
930,27730465,2015-01-01T11:42:17.947,2135210,swift
931,27730470,2015-01-01T11:42:55.977,2015614,c
932,27730472,2015-01-01T11:43:16.563,1747214,service
933,27730475,2015-01-01T11:43:47.793,1281224,jquery
934,27730476,2015-01-01T11:43:48.517,user4405388,html
935,27730482,2015-01-01T11:44:27.063,878126,android
936,27730491,2015-01-01T11:45:36.190,3890124,php
937,27730494,2015-01-01T11:46:57.920,516513,ractivejs
938,27730499,2015-01-01T11:47:21.753,4320288,hibernate
939,27730500,2015-01-01T11:47:40.953,3807929,java
940,27730501,2015-01-01T11:47:47.533,4406376,nlp
941,27730508,2015-01-01T11:48:12.263,3736708,java
942,27730509,2015-01-01T11:48:12.190,4203807,python
943,27730510,2015-01-01T11:48:16.837,4401154,format
944,27730511,2015-01-01T11:48:40.510,4404777,c
945,27730513,2015-01-01T11:48:48.690,3733294,c++
946,27730516,2015-01-01T11:49:21.237,803687,eclipse
947,27730518,2015-01-01T11:49:55.043,2358160,java
948,27730520,2015-01-01T11:50:07.177,4356825,java
949,27730529,2015-01-01T11:51:01.643,2173780,python
950,27730533,2015-01-01T11:51:05.933,1147286,tabs
951,27730534,2015-01-01T11:51:17.223,4410052,c++
952,27730537,2015-01-01T11:52:03.987,831337,c#
953,27730538,2015-01-01T11:52:08.517,2948157,c#
954,27730543,2015-01-01T11:52:32.727,4405968,python
955,27730545,2015-01-01T11:52:40.367,2455259,java
956,27730546,2015-01-01T11:52:47.397,1123020,c#
957,27730547,2015-01-01T11:52:49.947,3766942,c#
958,27730550,2015-01-01T11:52:57.287,2059380,matlab
959,27730551,2015-01-01T11:53:10.443,513206,android
960,27730557,2015-01-01T11:53:53.503,1189029,android
961,27730559,2015-01-01T11:54:05.800,2138953,multithreading
962,27730564,2015-01-01T11:54:28.550,4410061,vb.net
963,27730565,2015-01-01T11:54:37.397,1586924,ios
964,27730566,2015-01-01T11:54:38.750,2135210,swift
965,27730571,2015-01-01T11:55:00.360,226316,ios
966,27730575,2015-01-01T11:55:21.770,1310058,c#
967,27730578,2015-01-01T11:55:38.603,3754731,ios
968,27730580,2015-01-01T11:55:56.393,2014160,python
969,27730585,2015-01-01T11:56:29.177,1371947,twitter-bootstrap
970,27730588,2015-01-01T11:56:42.857,1302750,signalr
971,27730594,2015-01-01T11:57:26.953,4401878,php
972,27730595,2015-01-01T11:57:57.223,4409044,html
973,27730598,2015-01-01T11:58:19.533,4399627,java
974,27730600,2015-01-01T11:58:43.297,3483542,r
975,27730605,2015-01-01T11:59:12.783,4359756,html
976,27730607,2015-01-01T11:59:15.720,1789384,tomcat7
977,27730610,2015-01-01T11:59:24.317,3646990,worklight
978,27730611,2015-01-01T12:00:02.167,4384866,c++
979,27730619,2015-01-01T12:01:34.303,3395776,php
980,27730620,2015-01-01T12:01:43.020,4386925,bash
981,27730621,2015-01-01T12:01:50.490,4410056,android
982,27730622,2015-01-01T12:01:59.117,862948,web-services
983,27730623,2015-01-01T12:02:00.307,2132128,c++
984,27730626,2015-01-01T12:02:41.387,3350569,cordova
985,27730627,2015-01-01T12:03:07.887,4410080,ios
986,27730628,2015-01-01T12:03:47.710,587021,mongodb
987,27730629,2015-01-01T12:04:27.137,2446345,ios
988,27730632,2015-01-01T12:05:00.063,2777324,php
989,27730633,2015-01-01T12:05:07.847,1525840,wpf
990,27730634,2015-01-01T12:05:11.827,2357956,android
991,27730636,2015-01-01T12:05:19.007,2455896,php
992,27730637,2015-01-01T12:05:23.707,1135245,android
993,27730642,2015-01-01T12:06:10.650,707700,javascript
994,27730644,2015-01-01T12:06:11.700,2169170,.htaccess
995,27730650,2015-01-01T12:07:01.710,3939458,angularjs
996,27730657,2015-01-01T12:08:32.147,4410088,jekyll
997,27730658,2015-01-01T12:08:34.727,1066642,ios
998,27730663,2015-01-01T12:09:34.937,276439,html
999,27730667,2015-01-01T12:09:50.367,2155425,java
